{"cameraMode":{"drawMode":0,"name":"Shaded","section":"Shading Mode"},"sceneLighting":false,"audioPlay":false,"sceneViewState":{"m_AlwaysRefresh":false,"showFog":true,"showSkybox":false,"showFlares":true,"showImageEffects":true,"showParticleSystems":true,"showVisualEffectGraphs":true,"m_FxEnabled":true},"in2DMode":false,"pivot":{"x":192.48394775390626,"y":1255.8079833984375,"z":-285.2259826660156},"rotation":{"x":-0.3269589841365814,"y":0.03457793593406677,"z":-0.011968118138611317,"w":-0.9443473219871521},"size":0.8660253882408142,"orthographic":false}